case_id,input_kind,mutation,command_name,command,exit_code,stdout_nonempty,stderr_nonempty,output_file_created,output_file_nonempty,accepted,verdict,stdout_has_object_marker,output_file_has_object_marker,stderr_excerpt
x509_der_baseline_empty_storeutl,x509_der,baseline_empty,storeutl,/home/wen/work/clean_sources/openssl-3.5.5/apps/openssl storeutl artifacts/triage/ossl_store_full_consumption/inputs/x509_der_baseline_empty.der,0,True,False,False,False,True,baseline_accepts_clean_object,True,False,
x509_der_malformed_partial_sequence_storeutl,x509_der,malformed_partial_sequence,storeutl,/home/wen/work/clean_sources/openssl-3.5.5/apps/openssl storeutl artifacts/triage/ossl_store_full_consumption/inputs/x509_der_malformed_partial_sequence.der,0,True,False,False,False,True,app_command_accepts_malformed_tail,True,False,
x509_der_malformed_oversized_len_storeutl,x509_der,malformed_oversized_len,storeutl,/home/wen/work/clean_sources/openssl-3.5.5/apps/openssl storeutl artifacts/triage/ossl_store_full_consumption/inputs/x509_der_malformed_oversized_len.der,0,True,False,False,False,True,app_command_accepts_malformed_tail,True,False,
x509_der_malformed_indefinite_len_storeutl,x509_der,malformed_indefinite_len,storeutl,/home/wen/work/clean_sources/openssl-3.5.5/apps/openssl storeutl artifacts/triage/ossl_store_full_consumption/inputs/x509_der_malformed_indefinite_len.der,0,True,False,False,False,True,app_command_accepts_malformed_tail,True,False,
x509_der_truncated_integer_storeutl,x509_der,truncated_integer,storeutl,/home/wen/work/clean_sources/openssl-3.5.5/apps/openssl storeutl artifacts/triage/ossl_store_full_consumption/inputs/x509_der_truncated_integer.der,0,True,False,False,False,True,app_command_accepts_malformed_tail,True,False,
x509_der_truncated_bit_string_storeutl,x509_der,truncated_bit_string,storeutl,/home/wen/work/clean_sources/openssl-3.5.5/apps/openssl storeutl artifacts/triage/ossl_store_full_consumption/inputs/x509_der_truncated_bit_string.der,0,True,False,False,False,True,app_command_accepts_malformed_tail,True,False,
x509_der_bad_asn1_tag_storeutl,x509_der,bad_asn1_tag,storeutl,/home/wen/work/clean_sources/openssl-3.5.5/apps/openssl storeutl artifacts/triage/ossl_store_full_consumption/inputs/x509_der_bad_asn1_tag.der,0,True,True,False,False,True,app_command_accepts_with_warning,True,False,406787856E750000:error:1608010C:STORE routines:ossl_store_handle_load_result:unsupported:crypto/store/store_result.c:160:provider=default
x509_der_valid_null_then_malformed_seq_storeutl,x509_der,valid_null_then_malformed_seq,storeutl,/home/wen/work/clean_sources/openssl-3.5.5/apps/openssl storeutl artifacts/triage/ossl_store_full_consumption/inputs/x509_der_valid_null_then_malformed_seq.der,0,True,True,False,False,True,app_command_accepts_with_warning,True,False,40F78B6ECC7F0000:error:1608010C:STORE routines:ossl_store_handle_load_result:unsupported:crypto/store/store_result.c:160:provider=default
pkcs8_der_baseline_empty_storeutl,pkcs8_der,baseline_empty,storeutl,/home/wen/work/clean_sources/openssl-3.5.5/apps/openssl storeutl artifacts/triage/ossl_store_full_consumption/inputs/pkcs8_der_baseline_empty.der,0,True,False,False,False,True,baseline_accepts_clean_object,True,False,
pkcs8_der_malformed_partial_sequence_storeutl,pkcs8_der,malformed_partial_sequence,storeutl,/home/wen/work/clean_sources/openssl-3.5.5/apps/openssl storeutl artifacts/triage/ossl_store_full_consumption/inputs/pkcs8_der_malformed_partial_sequence.der,0,True,False,False,False,True,app_command_accepts_malformed_tail,True,False,
pkcs8_der_malformed_oversized_len_storeutl,pkcs8_der,malformed_oversized_len,storeutl,/home/wen/work/clean_sources/openssl-3.5.5/apps/openssl storeutl artifacts/triage/ossl_store_full_consumption/inputs/pkcs8_der_malformed_oversized_len.der,0,True,False,False,False,True,app_command_accepts_malformed_tail,True,False,
pkcs8_der_malformed_indefinite_len_storeutl,pkcs8_der,malformed_indefinite_len,storeutl,/home/wen/work/clean_sources/openssl-3.5.5/apps/openssl storeutl artifacts/triage/ossl_store_full_consumption/inputs/pkcs8_der_malformed_indefinite_len.der,0,True,False,False,False,True,app_command_accepts_malformed_tail,True,False,
pkcs8_der_truncated_integer_storeutl,pkcs8_der,truncated_integer,storeutl,/home/wen/work/clean_sources/openssl-3.5.5/apps/openssl storeutl artifacts/triage/ossl_store_full_consumption/inputs/pkcs8_der_truncated_integer.der,0,True,False,False,False,True,app_command_accepts_malformed_tail,True,False,
pkcs8_der_truncated_bit_string_storeutl,pkcs8_der,truncated_bit_string,storeutl,/home/wen/work/clean_sources/openssl-3.5.5/apps/openssl storeutl artifacts/triage/ossl_store_full_consumption/inputs/pkcs8_der_truncated_bit_string.der,0,True,False,False,False,True,app_command_accepts_malformed_tail,True,False,
pkcs8_der_bad_asn1_tag_storeutl,pkcs8_der,bad_asn1_tag,storeutl,/home/wen/work/clean_sources/openssl-3.5.5/apps/openssl storeutl artifacts/triage/ossl_store_full_consumption/inputs/pkcs8_der_bad_asn1_tag.der,0,True,True,False,False,True,app_command_accepts_with_warning,True,False,40171BE145710000:error:1608010C:STORE routines:ossl_store_handle_load_result:unsupported:crypto/store/store_result.c:160:provider=default
pkcs8_der_valid_null_then_malformed_seq_storeutl,pkcs8_der,valid_null_then_malformed_seq,storeutl,/home/wen/work/clean_sources/openssl-3.5.5/apps/openssl storeutl artifacts/triage/ossl_store_full_consumption/inputs/pkcs8_der_valid_null_then_malformed_seq.der,0,True,True,False,False,True,app_command_accepts_with_warning,True,False,40D7796217730000:error:1608010C:STORE routines:ossl_store_handle_load_result:unsupported:crypto/store/store_result.c:160:provider=default
pubkey_der_baseline_empty_storeutl,pubkey_der,baseline_empty,storeutl,/home/wen/work/clean_sources/openssl-3.5.5/apps/openssl storeutl artifacts/triage/ossl_store_full_consumption/inputs/pubkey_der_baseline_empty.der,0,True,False,False,False,True,baseline_accepts_clean_object,True,False,
pubkey_der_malformed_partial_sequence_storeutl,pubkey_der,malformed_partial_sequence,storeutl,/home/wen/work/clean_sources/openssl-3.5.5/apps/openssl storeutl artifacts/triage/ossl_store_full_consumption/inputs/pubkey_der_malformed_partial_sequence.der,0,True,False,False,False,True,app_command_accepts_malformed_tail,True,False,
pubkey_der_malformed_oversized_len_storeutl,pubkey_der,malformed_oversized_len,storeutl,/home/wen/work/clean_sources/openssl-3.5.5/apps/openssl storeutl artifacts/triage/ossl_store_full_consumption/inputs/pubkey_der_malformed_oversized_len.der,0,True,False,False,False,True,app_command_accepts_malformed_tail,True,False,
pubkey_der_malformed_indefinite_len_storeutl,pubkey_der,malformed_indefinite_len,storeutl,/home/wen/work/clean_sources/openssl-3.5.5/apps/openssl storeutl artifacts/triage/ossl_store_full_consumption/inputs/pubkey_der_malformed_indefinite_len.der,0,True,False,False,False,True,app_command_accepts_malformed_tail,True,False,
pubkey_der_truncated_integer_storeutl,pubkey_der,truncated_integer,storeutl,/home/wen/work/clean_sources/openssl-3.5.5/apps/openssl storeutl artifacts/triage/ossl_store_full_consumption/inputs/pubkey_der_truncated_integer.der,0,True,False,False,False,True,app_command_accepts_malformed_tail,True,False,
pubkey_der_truncated_bit_string_storeutl,pubkey_der,truncated_bit_string,storeutl,/home/wen/work/clean_sources/openssl-3.5.5/apps/openssl storeutl artifacts/triage/ossl_store_full_consumption/inputs/pubkey_der_truncated_bit_string.der,0,True,False,False,False,True,app_command_accepts_malformed_tail,True,False,
pubkey_der_bad_asn1_tag_storeutl,pubkey_der,bad_asn1_tag,storeutl,/home/wen/work/clean_sources/openssl-3.5.5/apps/openssl storeutl artifacts/triage/ossl_store_full_consumption/inputs/pubkey_der_bad_asn1_tag.der,0,True,True,False,False,True,app_command_accepts_with_warning,True,False,40A7EA8B67780000:error:1608010C:STORE routines:ossl_store_handle_load_result:unsupported:crypto/store/store_result.c:160:provider=default
pubkey_der_valid_null_then_malformed_seq_storeutl,pubkey_der,valid_null_then_malformed_seq,storeutl,/home/wen/work/clean_sources/openssl-3.5.5/apps/openssl storeutl artifacts/triage/ossl_store_full_consumption/inputs/pubkey_der_valid_null_then_malformed_seq.der,0,True,True,False,False,True,app_command_accepts_with_warning,True,False,409760CBE07E0000:error:1608010C:STORE routines:ossl_store_handle_load_result:unsupported:crypto/store/store_result.c:160:provider=default
x509_der_baseline_empty_x509_noout,x509_der,baseline_empty,x509_noout,/home/wen/work/clean_sources/openssl-3.5.5/apps/openssl x509 -inform DER -in artifacts/triage/ossl_store_full_consumption/inputs/x509_der_baseline_empty.der -noout,0,False,False,False,False,True,baseline_accepts_clean_object,False,False,
x509_der_baseline_empty_x509_text_noout,x509_der,baseline_empty,x509_text_noout,/home/wen/work/clean_sources/openssl-3.5.5/apps/openssl x509 -inform DER -in artifacts/triage/ossl_store_full_consumption/inputs/x509_der_baseline_empty.der -text -noout,0,True,False,False,False,True,baseline_accepts_clean_object,True,False,
x509_der_baseline_empty_x509_pubkey_noout,x509_der,baseline_empty,x509_pubkey_noout,/home/wen/work/clean_sources/openssl-3.5.5/apps/openssl x509 -inform DER -in artifacts/triage/ossl_store_full_consumption/inputs/x509_der_baseline_empty.der -pubkey -noout,0,True,False,False,False,True,baseline_accepts_clean_object,True,False,
x509_der_baseline_empty_x509_fingerprint_noout,x509_der,baseline_empty,x509_fingerprint_noout,/home/wen/work/clean_sources/openssl-3.5.5/apps/openssl x509 -inform DER -in artifacts/triage/ossl_store_full_consumption/inputs/x509_der_baseline_empty.der -fingerprint -noout,0,True,False,False,False,True,baseline_accepts_clean_object,True,False,
x509_der_baseline_empty_x509_outform_pem,x509_der,baseline_empty,x509_outform_pem,/home/wen/work/clean_sources/openssl-3.5.5/apps/openssl x509 -inform DER -in artifacts/triage/ossl_store_full_consumption/inputs/x509_der_baseline_empty.der -outform PEM -out artifacts/triage/ossl_store_full_consumption/results/app_level_security_commands/outputs/x509_baseline_empty.pem,0,False,False,True,True,True,baseline_accepts_clean_object,False,True,
x509_der_malformed_partial_sequence_x509_noout,x509_der,malformed_partial_sequence,x509_noout,/home/wen/work/clean_sources/openssl-3.5.5/apps/openssl x509 -inform DER -in artifacts/triage/ossl_store_full_consumption/inputs/x509_der_malformed_partial_sequence.der -noout,0,False,False,False,False,True,app_command_accepts_malformed_tail,False,False,
x509_der_malformed_partial_sequence_x509_text_noout,x509_der,malformed_partial_sequence,x509_text_noout,/home/wen/work/clean_sources/openssl-3.5.5/apps/openssl x509 -inform DER -in artifacts/triage/ossl_store_full_consumption/inputs/x509_der_malformed_partial_sequence.der -text -noout,0,True,False,False,False,True,app_command_accepts_malformed_tail,True,False,
x509_der_malformed_partial_sequence_x509_pubkey_noout,x509_der,malformed_partial_sequence,x509_pubkey_noout,/home/wen/work/clean_sources/openssl-3.5.5/apps/openssl x509 -inform DER -in artifacts/triage/ossl_store_full_consumption/inputs/x509_der_malformed_partial_sequence.der -pubkey -noout,0,True,False,False,False,True,app_command_accepts_malformed_tail,True,False,
x509_der_malformed_partial_sequence_x509_fingerprint_noout,x509_der,malformed_partial_sequence,x509_fingerprint_noout,/home/wen/work/clean_sources/openssl-3.5.5/apps/openssl x509 -inform DER -in artifacts/triage/ossl_store_full_consumption/inputs/x509_der_malformed_partial_sequence.der -fingerprint -noout,0,True,False,False,False,True,app_command_accepts_malformed_tail,True,False,
x509_der_malformed_partial_sequence_x509_outform_pem,x509_der,malformed_partial_sequence,x509_outform_pem,/home/wen/work/clean_sources/openssl-3.5.5/apps/openssl x509 -inform DER -in artifacts/triage/ossl_store_full_consumption/inputs/x509_der_malformed_partial_sequence.der -outform PEM -out artifacts/triage/ossl_store_full_consumption/results/app_level_security_commands/outputs/x509_malformed_partial_sequence.pem,0,False,False,True,True,True,app_command_accepts_malformed_tail,False,True,
x509_der_malformed_oversized_len_x509_noout,x509_der,malformed_oversized_len,x509_noout,/home/wen/work/clean_sources/openssl-3.5.5/apps/openssl x509 -inform DER -in artifacts/triage/ossl_store_full_consumption/inputs/x509_der_malformed_oversized_len.der -noout,0,False,False,False,False,True,app_command_accepts_malformed_tail,False,False,
x509_der_malformed_oversized_len_x509_text_noout,x509_der,malformed_oversized_len,x509_text_noout,/home/wen/work/clean_sources/openssl-3.5.5/apps/openssl x509 -inform DER -in artifacts/triage/ossl_store_full_consumption/inputs/x509_der_malformed_oversized_len.der -text -noout,0,True,False,False,False,True,app_command_accepts_malformed_tail,True,False,
x509_der_malformed_oversized_len_x509_pubkey_noout,x509_der,malformed_oversized_len,x509_pubkey_noout,/home/wen/work/clean_sources/openssl-3.5.5/apps/openssl x509 -inform DER -in artifacts/triage/ossl_store_full_consumption/inputs/x509_der_malformed_oversized_len.der -pubkey -noout,0,True,False,False,False,True,app_command_accepts_malformed_tail,True,False,
x509_der_malformed_oversized_len_x509_fingerprint_noout,x509_der,malformed_oversized_len,x509_fingerprint_noout,/home/wen/work/clean_sources/openssl-3.5.5/apps/openssl x509 -inform DER -in artifacts/triage/ossl_store_full_consumption/inputs/x509_der_malformed_oversized_len.der -fingerprint -noout,0,True,False,False,False,True,app_command_accepts_malformed_tail,True,False,
x509_der_malformed_oversized_len_x509_outform_pem,x509_der,malformed_oversized_len,x509_outform_pem,/home/wen/work/clean_sources/openssl-3.5.5/apps/openssl x509 -inform DER -in artifacts/triage/ossl_store_full_consumption/inputs/x509_der_malformed_oversized_len.der -outform PEM -out artifacts/triage/ossl_store_full_consumption/results/app_level_security_commands/outputs/x509_malformed_oversized_len.pem,0,False,False,True,True,True,app_command_accepts_malformed_tail,False,True,
x509_der_malformed_indefinite_len_x509_noout,x509_der,malformed_indefinite_len,x509_noout,/home/wen/work/clean_sources/openssl-3.5.5/apps/openssl x509 -inform DER -in artifacts/triage/ossl_store_full_consumption/inputs/x509_der_malformed_indefinite_len.der -noout,0,False,False,False,False,True,app_command_accepts_malformed_tail,False,False,
x509_der_malformed_indefinite_len_x509_text_noout,x509_der,malformed_indefinite_len,x509_text_noout,/home/wen/work/clean_sources/openssl-3.5.5/apps/openssl x509 -inform DER -in artifacts/triage/ossl_store_full_consumption/inputs/x509_der_malformed_indefinite_len.der -text -noout,0,True,False,False,False,True,app_command_accepts_malformed_tail,True,False,
x509_der_malformed_indefinite_len_x509_pubkey_noout,x509_der,malformed_indefinite_len,x509_pubkey_noout,/home/wen/work/clean_sources/openssl-3.5.5/apps/openssl x509 -inform DER -in artifacts/triage/ossl_store_full_consumption/inputs/x509_der_malformed_indefinite_len.der -pubkey -noout,0,True,False,False,False,True,app_command_accepts_malformed_tail,True,False,
x509_der_malformed_indefinite_len_x509_fingerprint_noout,x509_der,malformed_indefinite_len,x509_fingerprint_noout,/home/wen/work/clean_sources/openssl-3.5.5/apps/openssl x509 -inform DER -in artifacts/triage/ossl_store_full_consumption/inputs/x509_der_malformed_indefinite_len.der -fingerprint -noout,0,True,False,False,False,True,app_command_accepts_malformed_tail,True,False,
x509_der_malformed_indefinite_len_x509_outform_pem,x509_der,malformed_indefinite_len,x509_outform_pem,/home/wen/work/clean_sources/openssl-3.5.5/apps/openssl x509 -inform DER -in artifacts/triage/ossl_store_full_consumption/inputs/x509_der_malformed_indefinite_len.der -outform PEM -out artifacts/triage/ossl_store_full_consumption/results/app_level_security_commands/outputs/x509_malformed_indefinite_len.pem,0,False,False,True,True,True,app_command_accepts_malformed_tail,False,True,
x509_der_truncated_integer_x509_noout,x509_der,truncated_integer,x509_noout,/home/wen/work/clean_sources/openssl-3.5.5/apps/openssl x509 -inform DER -in artifacts/triage/ossl_store_full_consumption/inputs/x509_der_truncated_integer.der -noout,0,False,False,False,False,True,app_command_accepts_malformed_tail,False,False,
x509_der_truncated_integer_x509_text_noout,x509_der,truncated_integer,x509_text_noout,/home/wen/work/clean_sources/openssl-3.5.5/apps/openssl x509 -inform DER -in artifacts/triage/ossl_store_full_consumption/inputs/x509_der_truncated_integer.der -text -noout,0,True,False,False,False,True,app_command_accepts_malformed_tail,True,False,
x509_der_truncated_integer_x509_pubkey_noout,x509_der,truncated_integer,x509_pubkey_noout,/home/wen/work/clean_sources/openssl-3.5.5/apps/openssl x509 -inform DER -in artifacts/triage/ossl_store_full_consumption/inputs/x509_der_truncated_integer.der -pubkey -noout,0,True,False,False,False,True,app_command_accepts_malformed_tail,True,False,
x509_der_truncated_integer_x509_fingerprint_noout,x509_der,truncated_integer,x509_fingerprint_noout,/home/wen/work/clean_sources/openssl-3.5.5/apps/openssl x509 -inform DER -in artifacts/triage/ossl_store_full_consumption/inputs/x509_der_truncated_integer.der -fingerprint -noout,0,True,False,False,False,True,app_command_accepts_malformed_tail,True,False,
x509_der_truncated_integer_x509_outform_pem,x509_der,truncated_integer,x509_outform_pem,/home/wen/work/clean_sources/openssl-3.5.5/apps/openssl x509 -inform DER -in artifacts/triage/ossl_store_full_consumption/inputs/x509_der_truncated_integer.der -outform PEM -out artifacts/triage/ossl_store_full_consumption/results/app_level_security_commands/outputs/x509_truncated_integer.pem,0,False,False,True,True,True,app_command_accepts_malformed_tail,False,True,
x509_der_truncated_bit_string_x509_noout,x509_der,truncated_bit_string,x509_noout,/home/wen/work/clean_sources/openssl-3.5.5/apps/openssl x509 -inform DER -in artifacts/triage/ossl_store_full_consumption/inputs/x509_der_truncated_bit_string.der -noout,0,False,False,False,False,True,app_command_accepts_malformed_tail,False,False,
x509_der_truncated_bit_string_x509_text_noout,x509_der,truncated_bit_string,x509_text_noout,/home/wen/work/clean_sources/openssl-3.5.5/apps/openssl x509 -inform DER -in artifacts/triage/ossl_store_full_consumption/inputs/x509_der_truncated_bit_string.der -text -noout,0,True,False,False,False,True,app_command_accepts_malformed_tail,True,False,
x509_der_truncated_bit_string_x509_pubkey_noout,x509_der,truncated_bit_string,x509_pubkey_noout,/home/wen/work/clean_sources/openssl-3.5.5/apps/openssl x509 -inform DER -in artifacts/triage/ossl_store_full_consumption/inputs/x509_der_truncated_bit_string.der -pubkey -noout,0,True,False,False,False,True,app_command_accepts_malformed_tail,True,False,
x509_der_truncated_bit_string_x509_fingerprint_noout,x509_der,truncated_bit_string,x509_fingerprint_noout,/home/wen/work/clean_sources/openssl-3.5.5/apps/openssl x509 -inform DER -in artifacts/triage/ossl_store_full_consumption/inputs/x509_der_truncated_bit_string.der -fingerprint -noout,0,True,False,False,False,True,app_command_accepts_malformed_tail,True,False,
x509_der_truncated_bit_string_x509_outform_pem,x509_der,truncated_bit_string,x509_outform_pem,/home/wen/work/clean_sources/openssl-3.5.5/apps/openssl x509 -inform DER -in artifacts/triage/ossl_store_full_consumption/inputs/x509_der_truncated_bit_string.der -outform PEM -out artifacts/triage/ossl_store_full_consumption/results/app_level_security_commands/outputs/x509_truncated_bit_string.pem,0,False,False,True,True,True,app_command_accepts_malformed_tail,False,True,
x509_der_bad_asn1_tag_x509_noout,x509_der,bad_asn1_tag,x509_noout,/home/wen/work/clean_sources/openssl-3.5.5/apps/openssl x509 -inform DER -in artifacts/triage/ossl_store_full_consumption/inputs/x509_der_bad_asn1_tag.der -noout,0,False,False,False,False,True,app_command_accepts_malformed_tail,False,False,
x509_der_bad_asn1_tag_x509_text_noout,x509_der,bad_asn1_tag,x509_text_noout,/home/wen/work/clean_sources/openssl-3.5.5/apps/openssl x509 -inform DER -in artifacts/triage/ossl_store_full_consumption/inputs/x509_der_bad_asn1_tag.der -text -noout,0,True,False,False,False,True,app_command_accepts_malformed_tail,True,False,
x509_der_bad_asn1_tag_x509_pubkey_noout,x509_der,bad_asn1_tag,x509_pubkey_noout,/home/wen/work/clean_sources/openssl-3.5.5/apps/openssl x509 -inform DER -in artifacts/triage/ossl_store_full_consumption/inputs/x509_der_bad_asn1_tag.der -pubkey -noout,0,True,False,False,False,True,app_command_accepts_malformed_tail,True,False,
x509_der_bad_asn1_tag_x509_fingerprint_noout,x509_der,bad_asn1_tag,x509_fingerprint_noout,/home/wen/work/clean_sources/openssl-3.5.5/apps/openssl x509 -inform DER -in artifacts/triage/ossl_store_full_consumption/inputs/x509_der_bad_asn1_tag.der -fingerprint -noout,0,True,False,False,False,True,app_command_accepts_malformed_tail,True,False,
x509_der_bad_asn1_tag_x509_outform_pem,x509_der,bad_asn1_tag,x509_outform_pem,/home/wen/work/clean_sources/openssl-3.5.5/apps/openssl x509 -inform DER -in artifacts/triage/ossl_store_full_consumption/inputs/x509_der_bad_asn1_tag.der -outform PEM -out artifacts/triage/ossl_store_full_consumption/results/app_level_security_commands/outputs/x509_bad_asn1_tag.pem,0,False,False,True,True,True,app_command_accepts_malformed_tail,False,True,
x509_der_valid_null_then_malformed_seq_x509_noout,x509_der,valid_null_then_malformed_seq,x509_noout,/home/wen/work/clean_sources/openssl-3.5.5/apps/openssl x509 -inform DER -in artifacts/triage/ossl_store_full_consumption/inputs/x509_der_valid_null_then_malformed_seq.der -noout,0,False,False,False,False,True,app_command_accepts_malformed_tail,False,False,
x509_der_valid_null_then_malformed_seq_x509_text_noout,x509_der,valid_null_then_malformed_seq,x509_text_noout,/home/wen/work/clean_sources/openssl-3.5.5/apps/openssl x509 -inform DER -in artifacts/triage/ossl_store_full_consumption/inputs/x509_der_valid_null_then_malformed_seq.der -text -noout,0,True,False,False,False,True,app_command_accepts_malformed_tail,True,False,
x509_der_valid_null_then_malformed_seq_x509_pubkey_noout,x509_der,valid_null_then_malformed_seq,x509_pubkey_noout,/home/wen/work/clean_sources/openssl-3.5.5/apps/openssl x509 -inform DER -in artifacts/triage/ossl_store_full_consumption/inputs/x509_der_valid_null_then_malformed_seq.der -pubkey -noout,0,True,False,False,False,True,app_command_accepts_malformed_tail,True,False,
x509_der_valid_null_then_malformed_seq_x509_fingerprint_noout,x509_der,valid_null_then_malformed_seq,x509_fingerprint_noout,/home/wen/work/clean_sources/openssl-3.5.5/apps/openssl x509 -inform DER -in artifacts/triage/ossl_store_full_consumption/inputs/x509_der_valid_null_then_malformed_seq.der -fingerprint -noout,0,True,False,False,False,True,app_command_accepts_malformed_tail,True,False,
x509_der_valid_null_then_malformed_seq_x509_outform_pem,x509_der,valid_null_then_malformed_seq,x509_outform_pem,/home/wen/work/clean_sources/openssl-3.5.5/apps/openssl x509 -inform DER -in artifacts/triage/ossl_store_full_consumption/inputs/x509_der_valid_null_then_malformed_seq.der -outform PEM -out artifacts/triage/ossl_store_full_consumption/results/app_level_security_commands/outputs/x509_valid_null_then_malformed_seq.pem,0,False,False,True,True,True,app_command_accepts_malformed_tail,False,True,
pkcs8_der_baseline_empty_pkey_noout,pkcs8_der,baseline_empty,pkey_noout,/home/wen/work/clean_sources/openssl-3.5.5/apps/openssl pkey -inform DER -in artifacts/triage/ossl_store_full_consumption/inputs/pkcs8_der_baseline_empty.der -noout,0,False,False,False,False,True,baseline_accepts_clean_object,False,False,
pkcs8_der_baseline_empty_pkey_text_noout,pkcs8_der,baseline_empty,pkey_text_noout,/home/wen/work/clean_sources/openssl-3.5.5/apps/openssl pkey -inform DER -in artifacts/triage/ossl_store_full_consumption/inputs/pkcs8_der_baseline_empty.der -text -noout,0,True,False,False,False,True,baseline_accepts_clean_object,False,False,
pkcs8_der_baseline_empty_pkey_pubout,pkcs8_der,baseline_empty,pkey_pubout,/home/wen/work/clean_sources/openssl-3.5.5/apps/openssl pkey -inform DER -in artifacts/triage/ossl_store_full_consumption/inputs/pkcs8_der_baseline_empty.der -pubout -out artifacts/triage/ossl_store_full_consumption/results/app_level_security_commands/outputs/pkey_pubout_baseline_empty.pem,0,False,False,True,True,True,baseline_accepts_clean_object,False,True,
pkcs8_der_baseline_empty_pkcs8_nocrypt_outform_pem,pkcs8_der,baseline_empty,pkcs8_nocrypt_outform_pem,/home/wen/work/clean_sources/openssl-3.5.5/apps/openssl pkcs8 -inform DER -in artifacts/triage/ossl_store_full_consumption/inputs/pkcs8_der_baseline_empty.der -nocrypt -outform PEM -out artifacts/triage/ossl_store_full_consumption/results/app_level_security_commands/outputs/pkcs8_converted_baseline_empty.pem,0,False,False,True,True,True,baseline_accepts_clean_object,False,True,
pkcs8_der_malformed_partial_sequence_pkey_noout,pkcs8_der,malformed_partial_sequence,pkey_noout,/home/wen/work/clean_sources/openssl-3.5.5/apps/openssl pkey -inform DER -in artifacts/triage/ossl_store_full_consumption/inputs/pkcs8_der_malformed_partial_sequence.der -noout,0,False,False,False,False,True,app_command_accepts_malformed_tail,False,False,
pkcs8_der_malformed_partial_sequence_pkey_text_noout,pkcs8_der,malformed_partial_sequence,pkey_text_noout,/home/wen/work/clean_sources/openssl-3.5.5/apps/openssl pkey -inform DER -in artifacts/triage/ossl_store_full_consumption/inputs/pkcs8_der_malformed_partial_sequence.der -text -noout,0,True,False,False,False,True,app_command_accepts_malformed_tail,False,False,
pkcs8_der_malformed_partial_sequence_pkey_pubout,pkcs8_der,malformed_partial_sequence,pkey_pubout,/home/wen/work/clean_sources/openssl-3.5.5/apps/openssl pkey -inform DER -in artifacts/triage/ossl_store_full_consumption/inputs/pkcs8_der_malformed_partial_sequence.der -pubout -out artifacts/triage/ossl_store_full_consumption/results/app_level_security_commands/outputs/pkey_pubout_malformed_partial_sequence.pem,0,False,False,True,True,True,app_command_accepts_malformed_tail,False,True,
pkcs8_der_malformed_partial_sequence_pkcs8_nocrypt_outform_pem,pkcs8_der,malformed_partial_sequence,pkcs8_nocrypt_outform_pem,/home/wen/work/clean_sources/openssl-3.5.5/apps/openssl pkcs8 -inform DER -in artifacts/triage/ossl_store_full_consumption/inputs/pkcs8_der_malformed_partial_sequence.der -nocrypt -outform PEM -out artifacts/triage/ossl_store_full_consumption/results/app_level_security_commands/outputs/pkcs8_converted_malformed_partial_sequence.pem,0,False,False,True,True,True,app_command_accepts_malformed_tail,False,True,
pkcs8_der_malformed_oversized_len_pkey_noout,pkcs8_der,malformed_oversized_len,pkey_noout,/home/wen/work/clean_sources/openssl-3.5.5/apps/openssl pkey -inform DER -in artifacts/triage/ossl_store_full_consumption/inputs/pkcs8_der_malformed_oversized_len.der -noout,0,False,False,False,False,True,app_command_accepts_malformed_tail,False,False,
pkcs8_der_malformed_oversized_len_pkey_text_noout,pkcs8_der,malformed_oversized_len,pkey_text_noout,/home/wen/work/clean_sources/openssl-3.5.5/apps/openssl pkey -inform DER -in artifacts/triage/ossl_store_full_consumption/inputs/pkcs8_der_malformed_oversized_len.der -text -noout,0,True,False,False,False,True,app_command_accepts_malformed_tail,False,False,
pkcs8_der_malformed_oversized_len_pkey_pubout,pkcs8_der,malformed_oversized_len,pkey_pubout,/home/wen/work/clean_sources/openssl-3.5.5/apps/openssl pkey -inform DER -in artifacts/triage/ossl_store_full_consumption/inputs/pkcs8_der_malformed_oversized_len.der -pubout -out artifacts/triage/ossl_store_full_consumption/results/app_level_security_commands/outputs/pkey_pubout_malformed_oversized_len.pem,0,False,False,True,True,True,app_command_accepts_malformed_tail,False,True,
pkcs8_der_malformed_oversized_len_pkcs8_nocrypt_outform_pem,pkcs8_der,malformed_oversized_len,pkcs8_nocrypt_outform_pem,/home/wen/work/clean_sources/openssl-3.5.5/apps/openssl pkcs8 -inform DER -in artifacts/triage/ossl_store_full_consumption/inputs/pkcs8_der_malformed_oversized_len.der -nocrypt -outform PEM -out artifacts/triage/ossl_store_full_consumption/results/app_level_security_commands/outputs/pkcs8_converted_malformed_oversized_len.pem,0,False,False,True,True,True,app_command_accepts_malformed_tail,False,True,
pkcs8_der_malformed_indefinite_len_pkey_noout,pkcs8_der,malformed_indefinite_len,pkey_noout,/home/wen/work/clean_sources/openssl-3.5.5/apps/openssl pkey -inform DER -in artifacts/triage/ossl_store_full_consumption/inputs/pkcs8_der_malformed_indefinite_len.der -noout,0,False,False,False,False,True,app_command_accepts_malformed_tail,False,False,
pkcs8_der_malformed_indefinite_len_pkey_text_noout,pkcs8_der,malformed_indefinite_len,pkey_text_noout,/home/wen/work/clean_sources/openssl-3.5.5/apps/openssl pkey -inform DER -in artifacts/triage/ossl_store_full_consumption/inputs/pkcs8_der_malformed_indefinite_len.der -text -noout,0,True,False,False,False,True,app_command_accepts_malformed_tail,False,False,
pkcs8_der_malformed_indefinite_len_pkey_pubout,pkcs8_der,malformed_indefinite_len,pkey_pubout,/home/wen/work/clean_sources/openssl-3.5.5/apps/openssl pkey -inform DER -in artifacts/triage/ossl_store_full_consumption/inputs/pkcs8_der_malformed_indefinite_len.der -pubout -out artifacts/triage/ossl_store_full_consumption/results/app_level_security_commands/outputs/pkey_pubout_malformed_indefinite_len.pem,0,False,False,True,True,True,app_command_accepts_malformed_tail,False,True,
pkcs8_der_malformed_indefinite_len_pkcs8_nocrypt_outform_pem,pkcs8_der,malformed_indefinite_len,pkcs8_nocrypt_outform_pem,/home/wen/work/clean_sources/openssl-3.5.5/apps/openssl pkcs8 -inform DER -in artifacts/triage/ossl_store_full_consumption/inputs/pkcs8_der_malformed_indefinite_len.der -nocrypt -outform PEM -out artifacts/triage/ossl_store_full_consumption/results/app_level_security_commands/outputs/pkcs8_converted_malformed_indefinite_len.pem,0,False,False,True,True,True,app_command_accepts_malformed_tail,False,True,
pkcs8_der_truncated_integer_pkey_noout,pkcs8_der,truncated_integer,pkey_noout,/home/wen/work/clean_sources/openssl-3.5.5/apps/openssl pkey -inform DER -in artifacts/triage/ossl_store_full_consumption/inputs/pkcs8_der_truncated_integer.der -noout,0,False,False,False,False,True,app_command_accepts_malformed_tail,False,False,
pkcs8_der_truncated_integer_pkey_text_noout,pkcs8_der,truncated_integer,pkey_text_noout,/home/wen/work/clean_sources/openssl-3.5.5/apps/openssl pkey -inform DER -in artifacts/triage/ossl_store_full_consumption/inputs/pkcs8_der_truncated_integer.der -text -noout,0,True,False,False,False,True,app_command_accepts_malformed_tail,False,False,
pkcs8_der_truncated_integer_pkey_pubout,pkcs8_der,truncated_integer,pkey_pubout,/home/wen/work/clean_sources/openssl-3.5.5/apps/openssl pkey -inform DER -in artifacts/triage/ossl_store_full_consumption/inputs/pkcs8_der_truncated_integer.der -pubout -out artifacts/triage/ossl_store_full_consumption/results/app_level_security_commands/outputs/pkey_pubout_truncated_integer.pem,0,False,False,True,True,True,app_command_accepts_malformed_tail,False,True,
pkcs8_der_truncated_integer_pkcs8_nocrypt_outform_pem,pkcs8_der,truncated_integer,pkcs8_nocrypt_outform_pem,/home/wen/work/clean_sources/openssl-3.5.5/apps/openssl pkcs8 -inform DER -in artifacts/triage/ossl_store_full_consumption/inputs/pkcs8_der_truncated_integer.der -nocrypt -outform PEM -out artifacts/triage/ossl_store_full_consumption/results/app_level_security_commands/outputs/pkcs8_converted_truncated_integer.pem,0,False,False,True,True,True,app_command_accepts_malformed_tail,False,True,
pkcs8_der_truncated_bit_string_pkey_noout,pkcs8_der,truncated_bit_string,pkey_noout,/home/wen/work/clean_sources/openssl-3.5.5/apps/openssl pkey -inform DER -in artifacts/triage/ossl_store_full_consumption/inputs/pkcs8_der_truncated_bit_string.der -noout,0,False,False,False,False,True,app_command_accepts_malformed_tail,False,False,
pkcs8_der_truncated_bit_string_pkey_text_noout,pkcs8_der,truncated_bit_string,pkey_text_noout,/home/wen/work/clean_sources/openssl-3.5.5/apps/openssl pkey -inform DER -in artifacts/triage/ossl_store_full_consumption/inputs/pkcs8_der_truncated_bit_string.der -text -noout,0,True,False,False,False,True,app_command_accepts_malformed_tail,False,False,
pkcs8_der_truncated_bit_string_pkey_pubout,pkcs8_der,truncated_bit_string,pkey_pubout,/home/wen/work/clean_sources/openssl-3.5.5/apps/openssl pkey -inform DER -in artifacts/triage/ossl_store_full_consumption/inputs/pkcs8_der_truncated_bit_string.der -pubout -out artifacts/triage/ossl_store_full_consumption/results/app_level_security_commands/outputs/pkey_pubout_truncated_bit_string.pem,0,False,False,True,True,True,app_command_accepts_malformed_tail,False,True,
pkcs8_der_truncated_bit_string_pkcs8_nocrypt_outform_pem,pkcs8_der,truncated_bit_string,pkcs8_nocrypt_outform_pem,/home/wen/work/clean_sources/openssl-3.5.5/apps/openssl pkcs8 -inform DER -in artifacts/triage/ossl_store_full_consumption/inputs/pkcs8_der_truncated_bit_string.der -nocrypt -outform PEM -out artifacts/triage/ossl_store_full_consumption/results/app_level_security_commands/outputs/pkcs8_converted_truncated_bit_string.pem,0,False,False,True,True,True,app_command_accepts_malformed_tail,False,True,
pkcs8_der_bad_asn1_tag_pkey_noout,pkcs8_der,bad_asn1_tag,pkey_noout,/home/wen/work/clean_sources/openssl-3.5.5/apps/openssl pkey -inform DER -in artifacts/triage/ossl_store_full_consumption/inputs/pkcs8_der_bad_asn1_tag.der -noout,0,False,False,False,False,True,app_command_accepts_malformed_tail,False,False,
pkcs8_der_bad_asn1_tag_pkey_text_noout,pkcs8_der,bad_asn1_tag,pkey_text_noout,/home/wen/work/clean_sources/openssl-3.5.5/apps/openssl pkey -inform DER -in artifacts/triage/ossl_store_full_consumption/inputs/pkcs8_der_bad_asn1_tag.der -text -noout,0,True,False,False,False,True,app_command_accepts_malformed_tail,False,False,
pkcs8_der_bad_asn1_tag_pkey_pubout,pkcs8_der,bad_asn1_tag,pkey_pubout,/home/wen/work/clean_sources/openssl-3.5.5/apps/openssl pkey -inform DER -in artifacts/triage/ossl_store_full_consumption/inputs/pkcs8_der_bad_asn1_tag.der -pubout -out artifacts/triage/ossl_store_full_consumption/results/app_level_security_commands/outputs/pkey_pubout_bad_asn1_tag.pem,0,False,False,True,True,True,app_command_accepts_malformed_tail,False,True,
pkcs8_der_bad_asn1_tag_pkcs8_nocrypt_outform_pem,pkcs8_der,bad_asn1_tag,pkcs8_nocrypt_outform_pem,/home/wen/work/clean_sources/openssl-3.5.5/apps/openssl pkcs8 -inform DER -in artifacts/triage/ossl_store_full_consumption/inputs/pkcs8_der_bad_asn1_tag.der -nocrypt -outform PEM -out artifacts/triage/ossl_store_full_consumption/results/app_level_security_commands/outputs/pkcs8_converted_bad_asn1_tag.pem,0,False,False,True,True,True,app_command_accepts_malformed_tail,False,True,
pkcs8_der_valid_null_then_malformed_seq_pkey_noout,pkcs8_der,valid_null_then_malformed_seq,pkey_noout,/home/wen/work/clean_sources/openssl-3.5.5/apps/openssl pkey -inform DER -in artifacts/triage/ossl_store_full_consumption/inputs/pkcs8_der_valid_null_then_malformed_seq.der -noout,0,False,False,False,False,True,app_command_accepts_malformed_tail,False,False,
pkcs8_der_valid_null_then_malformed_seq_pkey_text_noout,pkcs8_der,valid_null_then_malformed_seq,pkey_text_noout,/home/wen/work/clean_sources/openssl-3.5.5/apps/openssl pkey -inform DER -in artifacts/triage/ossl_store_full_consumption/inputs/pkcs8_der_valid_null_then_malformed_seq.der -text -noout,0,True,False,False,False,True,app_command_accepts_malformed_tail,False,False,
pkcs8_der_valid_null_then_malformed_seq_pkey_pubout,pkcs8_der,valid_null_then_malformed_seq,pkey_pubout,/home/wen/work/clean_sources/openssl-3.5.5/apps/openssl pkey -inform DER -in artifacts/triage/ossl_store_full_consumption/inputs/pkcs8_der_valid_null_then_malformed_seq.der -pubout -out artifacts/triage/ossl_store_full_consumption/results/app_level_security_commands/outputs/pkey_pubout_valid_null_then_malformed_seq.pem,0,False,False,True,True,True,app_command_accepts_malformed_tail,False,True,
pkcs8_der_valid_null_then_malformed_seq_pkcs8_nocrypt_outform_pem,pkcs8_der,valid_null_then_malformed_seq,pkcs8_nocrypt_outform_pem,/home/wen/work/clean_sources/openssl-3.5.5/apps/openssl pkcs8 -inform DER -in artifacts/triage/ossl_store_full_consumption/inputs/pkcs8_der_valid_null_then_malformed_seq.der -nocrypt -outform PEM -out artifacts/triage/ossl_store_full_consumption/results/app_level_security_commands/outputs/pkcs8_converted_valid_null_then_malformed_seq.pem,0,False,False,True,True,True,app_command_accepts_malformed_tail,False,True,
pubkey_der_baseline_empty_pkey_pubin_noout,pubkey_der,baseline_empty,pkey_pubin_noout,/home/wen/work/clean_sources/openssl-3.5.5/apps/openssl pkey -pubin -inform DER -in artifacts/triage/ossl_store_full_consumption/inputs/pubkey_der_baseline_empty.der -noout,0,False,False,False,False,True,baseline_accepts_clean_object,False,False,
pubkey_der_baseline_empty_pkey_pubin_text_noout,pubkey_der,baseline_empty,pkey_pubin_text_noout,/home/wen/work/clean_sources/openssl-3.5.5/apps/openssl pkey -pubin -inform DER -in artifacts/triage/ossl_store_full_consumption/inputs/pubkey_der_baseline_empty.der -text -noout,0,True,False,False,False,True,baseline_accepts_clean_object,True,False,
pubkey_der_baseline_empty_pkey_pubin_pubout,pubkey_der,baseline_empty,pkey_pubin_pubout,/home/wen/work/clean_sources/openssl-3.5.5/apps/openssl pkey -pubin -inform DER -in artifacts/triage/ossl_store_full_consumption/inputs/pubkey_der_baseline_empty.der -pubout -out artifacts/triage/ossl_store_full_consumption/results/app_level_security_commands/outputs/pubkey_pubout_baseline_empty.pem,0,False,False,True,True,True,baseline_accepts_clean_object,False,True,
pubkey_der_malformed_partial_sequence_pkey_pubin_noout,pubkey_der,malformed_partial_sequence,pkey_pubin_noout,/home/wen/work/clean_sources/openssl-3.5.5/apps/openssl pkey -pubin -inform DER -in artifacts/triage/ossl_store_full_consumption/inputs/pubkey_der_malformed_partial_sequence.der -noout,0,False,False,False,False,True,app_command_accepts_malformed_tail,False,False,
pubkey_der_malformed_partial_sequence_pkey_pubin_text_noout,pubkey_der,malformed_partial_sequence,pkey_pubin_text_noout,/home/wen/work/clean_sources/openssl-3.5.5/apps/openssl pkey -pubin -inform DER -in artifacts/triage/ossl_store_full_consumption/inputs/pubkey_der_malformed_partial_sequence.der -text -noout,0,True,False,False,False,True,app_command_accepts_malformed_tail,True,False,
pubkey_der_malformed_partial_sequence_pkey_pubin_pubout,pubkey_der,malformed_partial_sequence,pkey_pubin_pubout,/home/wen/work/clean_sources/openssl-3.5.5/apps/openssl pkey -pubin -inform DER -in artifacts/triage/ossl_store_full_consumption/inputs/pubkey_der_malformed_partial_sequence.der -pubout -out artifacts/triage/ossl_store_full_consumption/results/app_level_security_commands/outputs/pubkey_pubout_malformed_partial_sequence.pem,0,False,False,True,True,True,app_command_accepts_malformed_tail,False,True,
pubkey_der_malformed_oversized_len_pkey_pubin_noout,pubkey_der,malformed_oversized_len,pkey_pubin_noout,/home/wen/work/clean_sources/openssl-3.5.5/apps/openssl pkey -pubin -inform DER -in artifacts/triage/ossl_store_full_consumption/inputs/pubkey_der_malformed_oversized_len.der -noout,0,False,False,False,False,True,app_command_accepts_malformed_tail,False,False,
pubkey_der_malformed_oversized_len_pkey_pubin_text_noout,pubkey_der,malformed_oversized_len,pkey_pubin_text_noout,/home/wen/work/clean_sources/openssl-3.5.5/apps/openssl pkey -pubin -inform DER -in artifacts/triage/ossl_store_full_consumption/inputs/pubkey_der_malformed_oversized_len.der -text -noout,0,True,False,False,False,True,app_command_accepts_malformed_tail,True,False,
pubkey_der_malformed_oversized_len_pkey_pubin_pubout,pubkey_der,malformed_oversized_len,pkey_pubin_pubout,/home/wen/work/clean_sources/openssl-3.5.5/apps/openssl pkey -pubin -inform DER -in artifacts/triage/ossl_store_full_consumption/inputs/pubkey_der_malformed_oversized_len.der -pubout -out artifacts/triage/ossl_store_full_consumption/results/app_level_security_commands/outputs/pubkey_pubout_malformed_oversized_len.pem,0,False,False,True,True,True,app_command_accepts_malformed_tail,False,True,
pubkey_der_malformed_indefinite_len_pkey_pubin_noout,pubkey_der,malformed_indefinite_len,pkey_pubin_noout,/home/wen/work/clean_sources/openssl-3.5.5/apps/openssl pkey -pubin -inform DER -in artifacts/triage/ossl_store_full_consumption/inputs/pubkey_der_malformed_indefinite_len.der -noout,0,False,False,False,False,True,app_command_accepts_malformed_tail,False,False,
pubkey_der_malformed_indefinite_len_pkey_pubin_text_noout,pubkey_der,malformed_indefinite_len,pkey_pubin_text_noout,/home/wen/work/clean_sources/openssl-3.5.5/apps/openssl pkey -pubin -inform DER -in artifacts/triage/ossl_store_full_consumption/inputs/pubkey_der_malformed_indefinite_len.der -text -noout,0,True,False,False,False,True,app_command_accepts_malformed_tail,True,False,
pubkey_der_malformed_indefinite_len_pkey_pubin_pubout,pubkey_der,malformed_indefinite_len,pkey_pubin_pubout,/home/wen/work/clean_sources/openssl-3.5.5/apps/openssl pkey -pubin -inform DER -in artifacts/triage/ossl_store_full_consumption/inputs/pubkey_der_malformed_indefinite_len.der -pubout -out artifacts/triage/ossl_store_full_consumption/results/app_level_security_commands/outputs/pubkey_pubout_malformed_indefinite_len.pem,0,False,False,True,True,True,app_command_accepts_malformed_tail,False,True,
pubkey_der_truncated_integer_pkey_pubin_noout,pubkey_der,truncated_integer,pkey_pubin_noout,/home/wen/work/clean_sources/openssl-3.5.5/apps/openssl pkey -pubin -inform DER -in artifacts/triage/ossl_store_full_consumption/inputs/pubkey_der_truncated_integer.der -noout,0,False,False,False,False,True,app_command_accepts_malformed_tail,False,False,
pubkey_der_truncated_integer_pkey_pubin_text_noout,pubkey_der,truncated_integer,pkey_pubin_text_noout,/home/wen/work/clean_sources/openssl-3.5.5/apps/openssl pkey -pubin -inform DER -in artifacts/triage/ossl_store_full_consumption/inputs/pubkey_der_truncated_integer.der -text -noout,0,True,False,False,False,True,app_command_accepts_malformed_tail,True,False,
pubkey_der_truncated_integer_pkey_pubin_pubout,pubkey_der,truncated_integer,pkey_pubin_pubout,/home/wen/work/clean_sources/openssl-3.5.5/apps/openssl pkey -pubin -inform DER -in artifacts/triage/ossl_store_full_consumption/inputs/pubkey_der_truncated_integer.der -pubout -out artifacts/triage/ossl_store_full_consumption/results/app_level_security_commands/outputs/pubkey_pubout_truncated_integer.pem,0,False,False,True,True,True,app_command_accepts_malformed_tail,False,True,
pubkey_der_truncated_bit_string_pkey_pubin_noout,pubkey_der,truncated_bit_string,pkey_pubin_noout,/home/wen/work/clean_sources/openssl-3.5.5/apps/openssl pkey -pubin -inform DER -in artifacts/triage/ossl_store_full_consumption/inputs/pubkey_der_truncated_bit_string.der -noout,0,False,False,False,False,True,app_command_accepts_malformed_tail,False,False,
pubkey_der_truncated_bit_string_pkey_pubin_text_noout,pubkey_der,truncated_bit_string,pkey_pubin_text_noout,/home/wen/work/clean_sources/openssl-3.5.5/apps/openssl pkey -pubin -inform DER -in artifacts/triage/ossl_store_full_consumption/inputs/pubkey_der_truncated_bit_string.der -text -noout,0,True,False,False,False,True,app_command_accepts_malformed_tail,True,False,
pubkey_der_truncated_bit_string_pkey_pubin_pubout,pubkey_der,truncated_bit_string,pkey_pubin_pubout,/home/wen/work/clean_sources/openssl-3.5.5/apps/openssl pkey -pubin -inform DER -in artifacts/triage/ossl_store_full_consumption/inputs/pubkey_der_truncated_bit_string.der -pubout -out artifacts/triage/ossl_store_full_consumption/results/app_level_security_commands/outputs/pubkey_pubout_truncated_bit_string.pem,0,False,False,True,True,True,app_command_accepts_malformed_tail,False,True,
pubkey_der_bad_asn1_tag_pkey_pubin_noout,pubkey_der,bad_asn1_tag,pkey_pubin_noout,/home/wen/work/clean_sources/openssl-3.5.5/apps/openssl pkey -pubin -inform DER -in artifacts/triage/ossl_store_full_consumption/inputs/pubkey_der_bad_asn1_tag.der -noout,0,False,False,False,False,True,app_command_accepts_malformed_tail,False,False,
pubkey_der_bad_asn1_tag_pkey_pubin_text_noout,pubkey_der,bad_asn1_tag,pkey_pubin_text_noout,/home/wen/work/clean_sources/openssl-3.5.5/apps/openssl pkey -pubin -inform DER -in artifacts/triage/ossl_store_full_consumption/inputs/pubkey_der_bad_asn1_tag.der -text -noout,0,True,False,False,False,True,app_command_accepts_malformed_tail,True,False,
pubkey_der_bad_asn1_tag_pkey_pubin_pubout,pubkey_der,bad_asn1_tag,pkey_pubin_pubout,/home/wen/work/clean_sources/openssl-3.5.5/apps/openssl pkey -pubin -inform DER -in artifacts/triage/ossl_store_full_consumption/inputs/pubkey_der_bad_asn1_tag.der -pubout -out artifacts/triage/ossl_store_full_consumption/results/app_level_security_commands/outputs/pubkey_pubout_bad_asn1_tag.pem,0,False,False,True,True,True,app_command_accepts_malformed_tail,False,True,
pubkey_der_valid_null_then_malformed_seq_pkey_pubin_noout,pubkey_der,valid_null_then_malformed_seq,pkey_pubin_noout,/home/wen/work/clean_sources/openssl-3.5.5/apps/openssl pkey -pubin -inform DER -in artifacts/triage/ossl_store_full_consumption/inputs/pubkey_der_valid_null_then_malformed_seq.der -noout,0,False,False,False,False,True,app_command_accepts_malformed_tail,False,False,
pubkey_der_valid_null_then_malformed_seq_pkey_pubin_text_noout,pubkey_der,valid_null_then_malformed_seq,pkey_pubin_text_noout,/home/wen/work/clean_sources/openssl-3.5.5/apps/openssl pkey -pubin -inform DER -in artifacts/triage/ossl_store_full_consumption/inputs/pubkey_der_valid_null_then_malformed_seq.der -text -noout,0,True,False,False,False,True,app_command_accepts_malformed_tail,True,False,
pubkey_der_valid_null_then_malformed_seq_pkey_pubin_pubout,pubkey_der,valid_null_then_malformed_seq,pkey_pubin_pubout,/home/wen/work/clean_sources/openssl-3.5.5/apps/openssl pkey -pubin -inform DER -in artifacts/triage/ossl_store_full_consumption/inputs/pubkey_der_valid_null_then_malformed_seq.der -pubout -out artifacts/triage/ossl_store_full_consumption/results/app_level_security_commands/outputs/pubkey_pubout_valid_null_then_malformed_seq.pem,0,False,False,True,True,True,app_command_accepts_malformed_tail,False,True,
